address;text;count1;count2;count3;count4;count5;mses
19864144;%add.ptr = getelementptr inbounds i32* %x;49152;49152;49152;49152;49152;0.00762;0.00000;0.02191;0.00016;3.86938;0.74327;5.25267;0.66022;4.32441;-1;-1;-1;-1;-1;-1;-1;-1;-1;-1;-1;-1;-1;-1;-1;-1;-1;-1;-1;-1;-1;0.00000;0.00000;0.00000;-1;-1;-1;-1;-1;-1;-1;-1;-1;-1;-1;-1;-1;-1;-1;-1;-1;-1;-1;-1;-1;-1;-1;-1;-1;-1;-1;0.00000;0.00000;0.00061;0.00000;0.00000;0.00119;-1;-1;-1;-1;-1;-1;-1;-1;-1;-1;-1;-1;-1;-1;-1;-1;-1;-1;-1;-1;-1;-1;-1;-1;0.00000;0.00124;7.98836;0.02682;0.02441;4.80896;-1;-1;-1;-1;-1;-1;-1;-1;-1;-1;-1;-1;-1;-1;-1;-1;-1;-1;-1;-1;-1;-1;-1;-1;0.00000;5.20210;0.00000;0.02751;0.00000;-1;-1;-1;-1;-1;-1;-1;-1;-1;-1;-1;-1;-1;-1;-1;-1;-1;-1;-1;-1;-1;-1;-1;-1;-1;
19864400;%shl = shl i32 %tmp;49152;49152;49152;49152;49152;0.00001;0.00155;0.00001;6.69090;0.00000;3.69211;3.83055;3.72938;3.99007;3.83819;0.00000;5.58331;2.98148;1.00070;3.87544;0.00033;0.00009;0.00000;8.06606;0.00002;0.39567;4.14616;0.72569;4.47996;0.00002;0.00011;3.44697;0.00000;3.94919;0.06303;3.49190;3.51298;0.06223;8.78997;3.37072;1.98357;3.43046;3.23691;0.00097;4.23258;4.77684;3.23253;0.75306;3.30574;8.27855;3.33237;0.71663;3.31983;0.00005;0.83062;3.72097;1.71289;3.41792;7.83437;3.30189;0.81965;5.01177;7.87002;8.65067;3.74217;0.00000;0.00012;0.01562;0.01732;0.06289;2.24989;0.80629;5.57352;0.00098;2.51481;0.00000;4.92501;4.79191;0.00010;0.00179;0.00000;0.00392;3.85632;5.39321;0.06176;0.00004;0.00000;4.02755;6.09713;0.06238;0.00000;3.96132;8.51126;0.01562;5.04974;0.00002;0.00000;3.84436;3.15918;0.00383;9.15522;3.75197;3.63628;3.44712;0.00126;8.67638;3.74175;3.61761;2.59856;3.60469;6.43367;1.00154;4.74487;0.00000;3.61645;0.00000;0.06297;8.00525;0.25068;4.94576;3.25093;0.05404;3.20003;0.00000;4.45013;5.99037;7.69090;3.78055;9.07029;5.29500;0.00010;0.00031;0.23851;4.11943;0.00001;4.95174;0.00120;8.11814;7.70885;0.00001;3.92397;0.06271;4.28005;4.06424;8.20111;0.00000;7.02772;0.00389;8.09030;0.00002;0.00002;3.75440;0.00001;2.98967;0.01512;
19864544;%add.ptr.sum = add i32 %injection;49152;49152;49152;49152;49152;0.00184;0.00015;0.00470;0.00309;0.00322;